Player-additional,Year,Shares
gilgesh01,2024,1.000
jokicni01,2024,1.000
doncilu01,2024,0.996
antetgi01,2024,0.956
tatumja01,2024,0.863
brunsja01,2024,0.743
edwaran01,2024,0.576
duranke01,2024,0.554
leonaka01,2024,0.489
davisan02,2024,0.465
jamesle01,2024,0.331
curryst01,2024,0.236
sabondo01,2024,0.210
halibty01,2024,0.152
bookede01,2024,0.141
brownja02,2024,0.101
maxeyty01,2024,0.032
georgpa01,2024,0.032
goberru01,2024,0.024
wembavi01,2024,0.022
willizi01,2024,0.022
banchpa01,2024,0.020
foxde01,2024,0.018
adebaba01,2024,0.014
derozde01,2024,0.002
antetgi01,2023,1.000
tatumja01,2023,0.968
embiijo01,2023,0.948
gilgesh01,2023,0.814
doncilu01,2023,0.806
jokicni01,2023,0.728
mitchdo01,2023,0.698
curryst01,2023,0.376
butleji01,2023,0.364
brownja02,2023,0.338
sabondo01,2023,0.294
foxde01,2023,0.288
lillada01,2023,0.274
randlju01,2023,0.250
jamesle01,2023,0.162
davisan02,2023,0.130
markkla01,2023,0.098
moranja01,2023,0.088
holidjr01,2023,0.078
duranke01,2023,0.070
brunsja01,2023,0.046
leonaka01,2023,0.030
siakapa01,2023,0.030
edwaran01,2023,0.028
jacksja02,2023,0.022
bookede01,2023,0.020
adebaba01,2023,0.018
hardeja01,2023,0.012
bridgmi01,2023,0.004
derozde01,2023,0.004
porzikr01,2023,0.004
georgpa01,2023,0.002
halibty01,2023,0.002
lavinza01,2023,0.002
lopezbr01,2023,0.002
youngtr01,2023,0.002
antetgi01,2022,1.000
doncilu01,2022,0.952
jokicni01,2022,0.952
bookede01,2022,0.920
tatumja01,2022,0.780
embiijo01,2022,0.828
moranja01,2022,0.602
duranke01,2022,0.552
curryst01,2022,0.548
derozde01,2022,0.368
townska01,2022,0.348
jamesle01,2022,0.338
paulch01,2022,0.228
youngtr01,2022,0.220
siakapa01,2022,0.126
goberru01,2022,0.090
butleji01,2022,0.064
adebaba01,2022,0.056
mitchdo01,2022,0.008
brownja02,2022,0.006
banede01,2022,0.002
bridgmi01,2022,0.002
holidjr01,2022,0.002
irvinky01,2022,0.002
middlkh01,2022,0.002
murrade01,2022,0.002
vanvlfr01,2022,0.002
antetgi01,2021,1.000
jokicni01,2021,0.996
curryst01,2021,0.992
doncilu01,2021,0.804
leonaka01,2021,0.646
lillada01,2021,0.744
embiijo01,2021,0.704
paulch01,2021,0.622
randlju01,2021,0.506
jamesle01,2021,0.348
goberru01,2021,0.296
butleji01,2021,0.262
georgpa01,2021,0.178
bealbr01,2021,0.142
irvinky01,2021,0.122
tatumja01,2021,0.138
westbru01,2021,0.088
hardeja01,2021,0.082
willizi01,2021,0.074
adebaba01,2021,0.064
mitchdo01,2021,0.052
duranke01,2021,0.046
bookede01,2021,0.042
sabondo01,2021,0.012
capelca01,2021,0.012
davisan02,2021,0.010
simmobe01,2021,0.004
vucevni01,2021,0.004
youngtr01,2021,0.004
greendr01,2021,0.002
lavinza01,2021,0.002
middlkh01,2021,0.002
antetgi01,2020,1.000
jamesle01,2020,1.000
hardeja01,2020,0.948
davisan02,2020,0.910
doncilu01,2020,0.832
leonaka01,2020,0.744
jokicni01,2020,0.622
lillada01,2020,0.568
paulch01,2020,0.398
siakapa01,2020,0.336
tatumja01,2020,0.306
butleji01,2020,0.294
goberru01,2020,0.220
simmobe01,2020,0.122
westbru01,2020,0.112
middlkh01,2020,0.164
embiijo01,2020,0.158
bealbr01,2020,0.064
lowryky01,2020,0.052
adebaba01,2020,0.052
youngtr01,2020,0.026
mitchdo01,2020,0.020
georgpa01,2020,0.014
ingrabr01,2020,0.010
walkeke02,2020,0.008
drumman01,2020,0.006
bookede01,2020,0.006
townska01,2020,0.004
lavinza01,2020,0.002
lopezbr01,2020,0.002
antetgi01,2019,1.000
hardeja01,2019,1.000
curryst01,2019,0.964
georgpa01,2019,0.866
jokicni01,2019,0.822
embiijo01,2019,0.750
duranke01,2019,0.716
lillada01,2019,0.612
leonaka01,2019,0.484
irvinky01,2019,0.390
westbru01,2019,0.356
griffbl01,2019,0.230
jamesle01,2019,0.222
goberru01,2019,0.178
walkeke02,2019,0.102
bealbr01,2019,0.068
thompkl01,2019,0.054
townska01,2019,0.040
aldrila01,2019,0.034
gallida01,2019,0.014
simmobe01,2019,0.014
conlemi01,2019,0.008
mitchdo01,2019,0.008
siakapa01,2019,0.008
vucevni01,2019,0.008
doncilu01,2019,0.006
drumman01,2019,0.006
wadedw01,2019,0.006
derozde01,2019,0.006
russeda01,2019,0.006
harrito02,2019,0.004
baglema01,2019,0.002
bookede01,2019,0.002
davisan02,2019,0.002
gordoer01,2019,0.002
holidjr01,2019,0.002
lowryky01,2019,0.002
sabondo01,2019,0.002
turnemy01,2019,0.002
willilo02,2019,0.002
hardeja01,2018,1.000
jamesle01,2018,1.000
davisan02,2018,0.984
lillada01,2018,0.864
duranke01,2018,0.852
antetgi01,2018,0.708
westbru01,2018,0.644
embiijo01,2018,0.588
aldrila01,2018,0.472
derozde01,2018,0.330
curryst01,2018,0.328
oladivi01,2018,0.210
townska01,2018,0.198
butleji01,2018,0.162
georgpa01,2018,0.108
paulch01,2018,0.108
goberru01,2018,0.102
irvinky01,2018,0.084
simmobe01,2018,0.072
horfoal01,2018,0.064
jokicni01,2018,0.056
drumman01,2018,0.014
capelca01,2018,0.012
greendr01,2018,0.012
lowryky01,2018,0.006
adamsst01,2018,0.004
mitchdo01,2018,0.004
thompkl01,2018,0.004
arizatr01,2018,0.002
couside01,2018,0.002
howardw01,2018,0.002
loveke01,2018,0.002
porzikr01,2018,0.002
hardeja01,2017,1.000
jamesle01,2017,0.996
westbru01,2017,0.996
leonaka01,2017,0.980
davisan02,2017,0.686
goberru01,2017,0.678
curryst01,2017,0.580
antetgi01,2017,0.516
duranke01,2017,0.478
thomais02,2017,0.472
greendr01,2017,0.268
walljo01,2017,0.250
butleji01,2017,0.204
derozde01,2017,0.124
jordade01,2017,0.108
townska01,2017,0.100
paulch01,2017,0.098
gasolma01,2017,0.096
couside01,2017,0.084
georgpa01,2017,0.080
haywago01,2017,0.054
whiteha01,2017,0.036
irvinky01,2017,0.028
thompkl01,2017,0.028
jokicni01,2017,0.024
lillada01,2017,0.024
millspa01,2017,0.006
aldrila01,2017,0.002
griffbl01,2017,0.002
horfoal01,2017,0.002
curryst01,2016,1.000
jamesle01,2016,0.988
westbru01,2016,0.972
leonaka01,2016,0.891
jordade01,2016,0.491
duranke01,2016,0.701
greendr01,2016,0.668
paulch01,2016,0.547
couside01,2016,0.429
lillada01,2016,0.336
drumman01,2016,0.268
thompkl01,2016,0.254
georgpa01,2016,0.243
lowryky01,2016,0.240
aldrila01,2016,0.160
hardeja01,2016,0.164
millspa01,2016,0.130
horfoal01,2016,0.118
davisan02,2016,0.118
townska01,2016,0.068
derozde01,2016,0.040
whiteha01,2016,0.037
thomais02,2016,0.031
gasolpa01,2016,0.025
butleji01,2016,0.019
nowitdi01,2016,0.012
walljo01,2016,0.011
walkeke02,2016,0.009
duncati01,2016,0.005
haywago01,2016,0.005
howardw01,2016,0.005
anthoca01,2016,0.003
gasolma01,2016,0.003
bogutan01,2016,0.002
griffbl01,2016,0.002
lopezbr01,2016,0.002
parketo01,2016,0.002
curryst01,2015,1.000
jamesle01,2015,1.000
hardeja01,2015,0.988
davisan02,2015,0.969
gasolma01,2015,0.702
westbru01,2015,0.616
aldrila01,2015,0.605
paulch01,2015,0.519
gasolpa01,2015,0.375
couside01,2015,0.341
griffbl01,2015,0.293
jordade01,2015,0.271
duncati01,2015,0.259
thompkl01,2015,0.189
irvinky01,2015,0.174
leonaka01,2015,0.240
millspa01,2015,0.109
horfoal01,2015,0.099
walljo01,2015,0.078
butleji01,2015,0.050
lillada01,2015,0.034
greendr01,2015,0.014
randoza01,2015,0.011
teaguje01,2015,0.011
bogutan01,2015,0.009
vucevni01,2015,0.009
derozde01,2015,0.005
gayru01,2015,0.005
drumman01,2015,0.003
haywago01,2015,0.003
korveky01,2015,0.003
noahjo01,2015,0.003
nowitdi01,2015,0.003
wadedw01,2015,0.003
anthoca01,2015,0.002
chandty01,2015,0.002
conlemi01,2015,0.002
lopezbr01,2015,0.002
loveke01,2015,0.002
lowryky01,2015,0.002
middlkh01,2015,0.002
duranke01,2014,1.000
jamesle01,2014,0.997
noahjo01,2014,0.882
paulch01,2014,0.864
hardeja01,2014,0.803
curryst01,2014,0.782
griffbl01,2014,0.560
loveke01,2014,0.379
howardw01,2014,0.362
parketo01,2014,0.336
aldrila01,2014,0.306
jeffeal01,2014,0.306
georgpa01,2014,0.274
lillada01,2014,0.184
dragigo01,2014,0.184
anthoca01,2014,0.138
walljo01,2014,0.112
duncati01,2014,0.101
derozde01,2014,0.090
davisan02,2014,0.064
nowitdi01,2014,0.059
westbru01,2014,0.051
lowryky01,2014,0.046
jordade01,2014,0.034
hibbero01,2014,0.027
gasolma01,2014,0.026
couside01,2014,0.022
irvinky01,2014,0.011
wadedw01,2014,0.010
conlemi01,2014,0.006
ibakase01,2014,0.006
johnsjo02,2014,0.006
randoza01,2014,0.006
stephla01,2014,0.005
lawsoty01,2014,0.003
millspa01,2014,0.003
boshch01,2014,0.002
drumman01,2014,0.002
ellismo01,2014,0.002
leonaka01,2014,0.002
jamesle01,2013,1.000
duranke01,2013,0.933
paulch01,2013,0.903
bryanko01,2013,0.876
duncati01,2013,0.659
anthoca01,2013,0.667
westbru01,2013,0.514
gasolma01,2013,0.496
parketo01,2013,0.459
griffbl01,2013,0.222
hardeja01,2013,0.425
howardw01,2013,0.341
wadedw01,2013,0.244
leeda02,2013,0.133
georgpa01,2013,0.123
lopezbr01,2013,0.222
curryst01,2013,0.121
aldrila01,2013,0.104
boshch01,2013,0.099
noahjo01,2013,0.094
randoza01,2013,0.076
horfoal01,2013,0.052
piercpa01,2013,0.040
jeffeal01,2013,0.034
chandty01,2013,0.032
hibbero01,2013,0.015
denglu01,2013,0.013
garneke01,2013,0.013
lawsoty01,2013,0.013
smithjo03,2013,0.012
willide01,2013,0.010
gasolpa01,2013,0.007
ibakase01,2013,0.007
asikom01,2013,0.005
farieke01,2013,0.005
feltora01,2013,0.005
irvinky01,2013,0.005
boozeca01,2013,0.003
conlemi01,2013,0.003
westda01,2013,0.003
gayru01,2013,0.002
hicksjj01,2013,0.002
iguodan01,2013,0.002
nowitdi01,2013,0.002
pekovni01,2013,0.002
rondora01,2013,0.002
vucevni01,2013,0.002
jamesle01,2012,1.000
duranke01,2012,0.992
bryanko01,2012,0.953
paulch01,2012,0.812
howardw01,2012,0.799
bynuman01,2012,0.671
parketo01,2012,0.616
loveke01,2012,0.612
westbru01,2012,0.401
griffbl01,2012,0.285
wadedw01,2012,0.394
anthoca01,2012,0.258
rondora01,2012,0.238
nowitdi01,2012,0.228
chandty01,2012,0.101
aldrila01,2012,0.092
gasolma01,2012,0.087
rosede01,2012,0.074
smithjo03,2012,0.055
piercpa01,2012,0.052
jeffeal01,2012,0.050
gasolpa01,2012,0.045
nashst01,2012,0.040
garneke01,2012,0.037
duncati01,2012,0.030
johnsjo02,2012,0.027
willide01,2012,0.023
gayru01,2012,0.017
hardeja01,2012,0.013
denglu01,2012,0.008
hibbero01,2012,0.008
ginobma01,2012,0.005
grangda01,2012,0.005
noahjo01,2012,0.005
boshch01,2012,0.003
ellismo01,2012,0.003
gortama01,2012,0.003
ibakase01,2012,0.003
millspa01,2012,0.003
scolalu01,2012,0.003
couside01,2012,0.002
leeda02,2012,0.002
jamesle01,2011,1.000
howardw01,2011,0.997
rosede01,2011,0.997
bryanko01,2011,0.926
duranke01,2011,0.827
nowitdi01,2011,0.734
stoudam01,2011,0.734
wadedw01,2011,0.659
gasolpa01,2011,0.435
westbru01,2011,0.309
paulch01,2011,0.264
aldrila01,2011,0.227
ginobma01,2011,0.178
randoza01,2011,0.113
horfoal01,2011,0.104
rondora01,2011,0.114
piercpa01,2011,0.092
anthoca01,2011,0.089
loveke01,2011,0.081
duncati01,2011,0.072
griffbl01,2011,0.061
parketo01,2011,0.045
garneke01,2011,0.037
willide01,2011,0.032
nashst01,2011,0.029
bogutan01,2011,0.022
ellismo01,2011,0.018
hilarne01,2011,0.018
bynuman01,2011,0.015
chandty01,2011,0.012
martike02,2011,0.012
noahjo01,2011,0.008
gasolma01,2011,0.005
jeffeal01,2011,0.005
perkike01,2011,0.005
bargnan01,2011,0.003
boshch01,2011,0.003
allenra02,2011,0.002
denglu01,2011,0.002
gordoer01,2011,0.002
iguodan01,2011,0.002
kiddja01,2011,0.002
okafoem01,2011,0.002
scolalu01,2011,0.002
wallage01,2011,0.002
howardw01,2010,1.000
jamesle01,2010,1.000
bryanko01,2010,0.990
duranke01,2010,0.949
wadedw01,2010,0.852
nashst01,2010,0.600
nowitdi01,2010,0.584
willide01,2010,0.562
anthoca01,2010,0.526
stoudam01,2010,0.392
bogutan01,2010,0.244
duncati01,2010,0.205
johnsjo02,2010,0.193
gasolpa01,2010,0.154
roybr01,2010,0.143
boshch01,2010,0.131
rondora01,2010,0.077
leeda02,2010,0.070
boozeca01,2010,0.054
billuch01,2010,0.039
randoza01,2010,0.033
horfoal01,2010,0.031
kiddja01,2010,0.030
rosede01,2010,0.025
paulch01,2010,0.023
ginobma01,2010,0.021
kamanch01,2010,0.015
lopezbr01,2010,0.010
piercpa01,2010,0.010
smithjo03,2010,0.010
wallage01,2010,0.008
cambyma01,2010,0.005
bynuman01,2010,0.003
grangda01,2010,0.003
garneke01,2010,0.002
parketo01,2010,0.002
westda01,2010,0.002
willima01,2010,0.002
jamesle01,2009,1.000
bryanko01,2009,0.990
howardw01,2009,0.980
wadedw01,2009,0.938
nowitdi01,2009,0.628
paulch01,2009,0.695
duncati01,2009,0.620
mingya01,2009,0.580
piercpa01,2009,0.541
roybr01,2009,0.310
gasolpa01,2009,0.270
parketo01,2009,0.259
billuch01,2009,0.215
anthoca01,2009,0.190
onealsh01,2009,0.111
willide01,2009,0.172
garneke01,2009,0.118
boshch01,2009,0.092
johnsjo02,2009,0.059
duranke01,2009,0.056
grangda01,2009,0.041
westda01,2009,0.020
willima01,2009,0.016
jeffeal01,2009,0.013
jamisan01,2009,0.011
nashst01,2009,0.011
allenra02,2009,0.010
hilarne01,2009,0.010
harride01,2009,0.008
aldrila01,2009,0.007
leeda02,2009,0.007
rondora01,2009,0.003
boozeca01,2009,0.002
butleca01,2009,0.002
cartevi01,2009,0.002
iguodan01,2009,0.002
millean02,2009,0.002
millspa01,2009,0.002
onealje01,2009,0.002
rosede01,2009,0.002
turkohe01,2009,0.002
bryanko01,2008,1.000
paulch01,2008,0.991
garneke01,2008,0.964
jamesle01,2008,0.961
howardw01,2008,0.860
stoudam01,2008,0.649
duncati01,2008,0.625
nashst01,2008,0.490
willide01,2008,0.359
nowitdi01,2008,0.298
boozeca01,2008,0.274
piercpa01,2008,0.238
mcgratr01,2008,0.216
ginobma01,2008,0.194
mingya01,2008,0.112
iversal01,2008,0.183
anthoca01,2008,0.140
cambyma01,2008,0.093
billuch01,2008,0.060
davisba01,2008,0.050
westda01,2008,0.038
wallara01,2008,0.035
chandty01,2008,0.028
jamisan01,2008,0.024
jeffeal01,2008,0.022
boshch01,2008,0.017
johnsjo02,2008,0.013
millean02,2008,0.011
butleca01,2008,0.008
gasolpa01,2008,0.008
onealsh01,2008,0.008
allenra02,2008,0.006
martike02,2008,0.006
turkohe01,2008,0.005
hamilri01,2008,0.003
howarjo01,2008,0.003
kiddja01,2008,0.003
iguodan01,2008,0.002
parketo01,2008,0.002
princta01,2008,0.002
reddmi01,2008,0.002
roybr01,2008,0.002
nashst01,2007,1.000
bryanko01,2007,0.997
nowitdi01,2007,0.983
duncati01,2007,0.888
stoudam01,2007,0.544
jamesle01,2007,0.766
mingya01,2007,0.516
arenagi01,2007,0.457
mcgratr01,2007,0.431
boshch01,2007,0.363
wadedw01,2007,0.374
garneke01,2007,0.349
anthoca01,2007,0.220
howardw01,2007,0.167
billuch01,2007,0.133
boozeca01,2007,0.197
onealsh01,2007,0.109
kiddja01,2007,0.090
cambyma01,2007,0.065
mariosh01,2007,0.064
iversal01,2007,0.060
parketo01,2007,0.060
cartevi01,2007,0.023
willide01,2007,0.023
howarjo01,2007,0.017
brandel01,2007,0.012
okurme01,2007,0.011
davisba01,2007,0.009
reddmi01,2007,0.009
allenra02,2007,0.008
hamilri01,2007,0.006
gordobe01,2007,0.005
johnsjo02,2007,0.005
paulch01,2007,0.005
curryed01,2007,0.003
piercpa01,2007,0.003
terryja01,2007,0.003
wallabe01,2007,0.003
chandty01,2007,0.002
denglu01,2007,0.002
gasolpa01,2007,0.002
ginobma01,2007,0.002
onealje01,2007,0.002
webbech01,2007,0.002
jamesle01,2006,1.000
bryanko01,2006,0.979
nowitdi01,2006,0.957
nashst01,2006,0.956
onealsh01,2006,0.659
billuch01,2006,0.620
wadedw01,2006,0.611
wallabe01,2006,0.595
brandel01,2006,0.507
duncati01,2006,0.454
mariosh01,2006,0.443
mingya01,2006,0.428
iversal01,2006,0.170
anthoca01,2006,0.159
arenagi01,2006,0.130
garneke01,2006,0.154
parketo01,2006,0.108
gasolpa01,2006,0.080
cartevi01,2006,0.077
piercpa01,2006,0.048
kiddja01,2006,0.033
howardw01,2006,0.018
cambyma01,2006,0.015
hamilri01,2006,0.015
wallara01,2006,0.013
ilgauzy01,2006,0.008
krstine01,2006,0.008
allenra02,2006,0.007
okurme01,2006,0.007
reddmi01,2006,0.007
millebr01,2006,0.005
cassesa01,2006,0.003
johnsjo02,2006,0.003
bibbymi01,2006,0.002
boshch01,2006,0.002
diawbo01,2006,0.002
jamisan01,2006,0.002
kamanch01,2006,0.002
kirilan01,2006,0.002
paulch01,2006,0.002
onealsh01,2005,1.000
nashst01,2005,0.984
duncati01,2005,0.898
nowitdi01,2005,0.828
iversal01,2005,0.808
jamesle01,2005,0.683
wadedw01,2005,0.677
garneke01,2005,0.662
stoudam01,2005,0.596
allenra02,2005,0.287
mcgratr01,2005,0.429
mariosh01,2005,0.218
bryanko01,2005,0.175
wallabe01,2005,0.170
arenagi01,2005,0.169
mingya01,2005,0.133
cartevi01,2005,0.102
kiddja01,2005,0.026
piercpa01,2005,0.024
cambyma01,2005,0.023
lewisra02,2005,0.021
ginobma01,2005,0.019
ilgauzy01,2005,0.018
onealje01,2005,0.013
parketo01,2005,0.011
bibbymi01,2005,0.010
brandel01,2005,0.010
hillgr01,2005,0.010
anthoca01,2005,0.008
jamisan01,2005,0.008
hamilri01,2005,0.005
princta01,2005,0.005
billuch01,2005,0.003
boshch01,2005,0.003
marbust01,2005,0.003
millere01,2005,0.003
reddmi01,2005,0.003
hughela01,2005,0.002
maggeco01,2005,0.002
martike01,2005,0.002
millebr01,2005,0.002
stojape01,2005,0.002
garneke01,2004,1.000
duncati01,2004,0.971
bryanko01,2004,0.946
onealsh01,2004,0.904
kiddja01,2004,0.685
onealje01,2004,0.688
stojape01,2004,0.615
cassesa01,2004,0.524
mcgratr01,2004,0.446
wallabe01,2004,0.317
mingya01,2004,0.307
davisba01,2004,0.286
nowitdi01,2004,0.236
reddmi01,2004,0.154
artesro01,2004,0.146
nashst01,2004,0.122
piercpa01,2004,0.111
jamesle01,2004,0.078
kirilan01,2004,0.078
marbust01,2004,0.072
odomla01,2004,0.033
bibbymi01,2004,0.029
randoza01,2004,0.029
cartevi01,2004,0.026
anthoca01,2004,0.023
billuch01,2004,0.020
millebr01,2004,0.020
magloja01,2004,0.015
gasolpa01,2004,0.013
iversal01,2004,0.013
allenra02,2004,0.010
brandel01,2004,0.008
dampier01,2004,0.007
finlemi01,2004,0.007
ginobma01,2004,0.007
ilgauzy01,2004,0.007
stoudam01,2004,0.007
willija02,2004,0.007
hamilri01,2004,0.005
mariosh01,2004,0.003
parketo01,2004,0.003
wallara01,2004,0.003
boozeca01,2004,0.002
francst01,2004,0.002
maggeco01,2004,0.002
martike01,2004,0.002
ratlith01,2004,0.002
duncati01,2003,1.000
bryanko01,2003,0.993
garneke01,2003,0.988
onealsh01,2003,0.983
mcgratr01,2003,0.959
nowitdi01,2003,0.597
kiddja01,2003,0.589
iversal01,2003,0.580
webbech01,2003,0.514
wallabe01,2003,0.509
onealje01,2003,0.274
marbust01,2003,0.234
piercpa01,2003,0.151
nashst01,2003,0.141
mashbja01,2003,0.104
mingya01,2003,0.091
malonka01,2003,0.055
mariosh01,2003,0.046
ilgauzy01,2003,0.041
divacvl01,2003,0.038
francst01,2003,0.030
allenra02,2003,0.025
paytoga01,2003,0.023
wallara01,2003,0.023
houstal01,2003,0.017
gasolpa01,2003,0.013
millebr01,2003,0.013
robinda01,2003,0.013
stojape01,2003,0.013
jordami01,2003,0.012
brandel01,2003,0.003
grantbr01,2003,0.003
jamisan01,2003,0.003
ratlith01,2003,0.003
stoudam01,2003,0.003
walkean02,2003,0.003
bibbymi01,2003,0.002
finlemi01,2003,0.002
magloja01,2003,0.002
parketo01,2003,0.002
roseja01,2003,0.002
stockjo01,2003,0.002
szczewa02,2003,0.002
onealsh01,2002,1.000
duncati01,2002,1.000
kiddja01,2002,0.960
mcgratr01,2002,0.819
bryanko01,2002,0.810
garneke01,2002,0.625
nowitdi01,2002,0.572
webbech01,2002,0.542
paytoga01,2002,0.454
iversal01,2002,0.435
piercpa01,2002,0.367
wallabe01,2002,0.312
mutomdi01,2002,0.168
nashst01,2002,0.153
onealje01,2002,0.125
stojape01,2002,0.088
divacvl01,2002,0.081
stackje01,2002,0.073
malonka01,2002,0.065
millean02,2002,0.051
brandel01,2002,0.046
jordami01,2002,0.046
walkean02,2002,0.045
mournal01,2002,0.040
davisba01,2002,0.038
wallara01,2002,0.024
allenra02,2002,0.021
stockjo01,2002,0.018
abdursh01,2002,0.008
finlemi01,2002,0.008
francst01,2002,0.008
bibbymi01,2002,0.006
gasolpa01,2002,0.006
lafrera01,2002,0.006
mariosh01,2002,0.006
robinda01,2002,0.006
cartevi01,2002,0.005
davisan01,2002,0.005
robincl02,2002,0.005
lewisra02,2002,0.003
olowomi01,2002,0.003
campbel01,2002,0.002
cassesa01,2002,0.002
millere01,2002,0.002
moblecu01,2002,0.002
szczewa02,2002,0.002
iversal01,2001,1.000
duncati01,2001,0.993
webbech01,2001,0.974
onealsh01,2001,0.949
kiddja01,2001,0.691
garneke01,2001,0.693
bryanko01,2001,0.672
mcgratr01,2001,0.520
cartevi01,2001,0.469
mutomdi01,2001,0.389
malonka01,2001,0.322
robinda01,2001,0.270
paytoga01,2001,0.191
allenra02,2001,0.172
nowitdi01,2001,0.092
stackje01,2001,0.088
wallara01,2001,0.083
finlemi01,2001,0.072
marbust01,2001,0.062
piercpa01,2001,0.062
mcdyean01,2001,0.056
stockjo01,2001,0.052
francst01,2001,0.047
robingl01,2001,0.033
davisan01,2001,0.028
divacvl01,2001,0.028
cambyma01,2001,0.018
masonan01,2001,0.010
ratlith01,2001,0.008
mariosh01,2001,0.007
roseja01,2001,0.007
sprewla01,2001,0.007
abdursh01,2001,0.005
grantbr01,2001,0.005
houstal01,2001,0.005
brandte01,2001,0.003
cassesa01,2001,0.003
onealje01,2001,0.003
campbel01,2001,0.002
jamisan01,2001,0.002
lewisra02,2001,0.002
stojape01,2001,0.002
walkean02,2001,0.002
onealsh01,2000,1.000
paytoga01,2000,0.894
garneke01,2000,0.818
duncati01,2000,0.760
kiddja01,2000,0.736
iversal01,2000,0.694
bryanko01,2000,0.679
malonka01,2000,0.676
mournal01,2000,0.585
hillgr01,2000,0.565
webbech01,2000,0.420
cartevi01,2000,0.321
jonesed02,2000,0.207
robinda01,2000,0.150
marbust01,2000,0.088
stockjo01,2000,0.083
finlemi01,2000,0.081
houstal01,2000,0.046
mutomdi01,2000,0.043
stackje01,2000,0.040
allenra02,2000,0.033
ewingpa01,2000,0.013
abdursh01,2000,0.012
roseja01,2000,0.010
wallara01,2000,0.010
robincl02,2000,0.007
sprewla01,2000,0.007
brandte01,2000,0.005
sabonar01,2000,0.003
smitsri01,2000,0.003
armstda01,2000,0.002
cassesa01,2000,0.002
divacvl01,2000,0.002
hardaan01,2000,0.002
mcdyean01,2000,0.002
millere01,2000,0.002
smithst01,2000,0.002
malonka01,1999,1.000
duncati01,1999,0.993
mournal01,1999,0.934
iversal01,1999,0.917
kiddja01,1999,0.890
paytoga01,1999,0.759
onealsh01,1999,0.659
webbech01,1999,0.479
hillgr01,1999,0.453
hardati01,1999,0.290
garneke01,1999,0.228
mcdyean01,1999,0.138
bryanko01,1999,0.129
stockjo01,1999,0.129
olajuha01,1999,0.116
smithst01,1999,0.109
millere01,1999,0.098
marbust01,1999,0.093
hardaan01,1999,0.071
abdursh01,1999,0.062
mutomdi01,1999,0.057
kempsh01,1999,0.052
robinda01,1999,0.038
stricro02,1999,0.036
allenra02,1999,0.028
finlemi01,1999,0.028
barklch01,1999,0.024
armstda01,1999,0.021
divacvl01,1999,0.019
cartevi01,1999,0.017
grantbr01,1999,0.017
stoudda01,1999,0.017
jonesed02,1999,0.016
jacksma01,1999,0.012
richmmi01,1999,0.012
robingl01,1999,0.009
vanhoke01,1999,0.009
sabonar01,1999,0.007
johnsav01,1999,0.003
russebr01,1999,0.003
wallara01,1999,0.003
willija02,1999,0.003
guglito01,1999,0.002
pippesc01,1999,0.002
rideris01,1999,0.002
smitsri01,1999,0.002
jordami01,1998,1.000
malonka01,1998,1.000
paytoga01,1998,0.967
onealsh01,1998,0.938
duncati01,1998,0.638
hardati01,1998,0.595
robinda01,1998,0.572
hillgr01,1998,0.500
bakervi01,1998,0.464
stricro02,1998,0.298
pippesc01,1998,0.347
ricegl01,1998,0.309
richmmi01,1998,0.240
millere01,1998,0.214
mutomdi01,1998,0.138
stockjo01,1998,0.110
kiddja01,1998,0.109
walkean02,1998,0.107
smithst01,1998,0.107
rodmade01,1998,0.071
mournal01,1998,0.064
garneke01,1998,0.062
kempsh01,1998,0.033
finlemi01,1998,0.029
olajuha01,1998,0.028
jonesed02,1998,0.026
willija01,1998,0.022
iversal01,1998,0.019
smitsri01,1998,0.019
abdursh01,1998,0.017
marbust01,1998,0.017
sabonar01,1998,0.017
vanhoke01,1998,0.014
webbech01,1998,0.014
houstal01,1998,0.010
schrede01,1998,0.009
stoudda01,1998,0.009
blaylmo01,1998,0.007
anderni01,1998,0.005
masonan01,1998,0.005
outlabo01,1998,0.005
mcdyean01,1998,0.003
allenra02,1998,0.002
barklch01,1998,0.002
bryanko01,1998,0.002
cassesa01,1998,0.002
chapmre01,1998,0.002
delebi01,1998,0.002
hornaje01,1998,0.002
howarju01,1998,0.002
knighbr01,1998,0.002
jordami01,1997,1.000
malonka01,1997,1.000
olajuha01,1997,0.894
hillgr01,1997,0.840
hardati01,1997,0.757
paytoga01,1997,0.671
pippesc01,1997,0.586
ewingpa01,1997,0.569
ricegl01,1997,0.550
richmmi01,1997,0.344
stockjo01,1997,0.247
masonan01,1997,0.191
onealsh01,1997,0.125
hardaan01,1997,0.108
bakervi01,1997,0.106
mournal01,1997,0.117
guglito01,1997,0.104
blaylmo01,1997,0.099
johnske02,1997,0.099
mutomdi01,1997,0.096
barklch01,1997,0.082
sprewla01,1997,0.077
brandte01,1997,0.052
webbech01,1997,0.050
jonesed02,1997,0.043
laettch01,1997,0.035
jacksma01,1997,0.019
kempsh01,1997,0.019
smithst01,1997,0.019
millere01,1997,0.016
rodmade01,1997,0.016
stoudda01,1997,0.014
stricro02,1997,0.012
anderke01,1997,0.010
garneke01,1997,0.010
iversal01,1997,0.005
vaughlo01,1997,0.005
vanexni01,1997,0.003
gillke01,1997,0.002
kiddja01,1997,0.002
robincl02,1997,0.002
robingl01,1997,0.002
walkean02,1997,0.002
jordami01,1996,1.000
pippesc01,1996,0.915
hardaan01,1996,0.913
malonka01,1996,0.901
robinda01,1996,0.782
olajuha01,1996,0.669
kempsh01,1996,0.542
paytoga01,1996,0.520
hillgr01,1996,0.471
stockjo01,1996,0.457
barklch01,1996,0.418
onealsh01,1996,0.327
richmmi01,1996,0.296
millere01,1996,0.159
howarju01,1996,0.120
rodmade01,1996,0.101
kiddja01,1996,0.076
stricro02,1996,0.058
elliose01,1996,0.048
brandte01,1996,0.044
bakervi01,1996,0.041
drexlcl01,1996,0.032
ricegl01,1996,0.018
schrede01,1996,0.016
mournal01,1996,0.014
johnsma02,1996,0.012
ewingpa01,1996,0.005
grantho01,1996,0.005
houstal01,1996,0.005
scottde01,1996,0.005
sprewla01,1996,0.005
johnsla02,1996,0.004
blaylmo01,1996,0.002
campbel01,1996,0.002
cebalce01,1996,0.002
johnsav01,1996,0.002
johnske02,1996,0.002
mutomdi01,1996,0.002
phillbo01,1996,0.002
robincl02,1996,0.002
stoudda01,1996,0.002
vanexni01,1996,0.002
weathcl01,1996,0.002
malonka01,1995,1.000
robinda01,1995,0.923
pippesc01,1995,0.869
stockjo01,1995,0.861
hardaan01,1995,0.759
barklch01,1995,0.699
paytoga01,1995,0.659
onealsh01,1995,0.599
richmmi01,1995,0.487
kempsh01,1995,0.310
millere01,1995,0.304
rodmade01,1995,0.218
olajuha01,1995,0.197
schrede01,1995,0.183
drexlcl01,1995,0.141
mashbja01,1995,0.123
ewingpa01,1995,0.098
jordami01,1995,0.085
jacksji01,1995,0.067
barroda01,1995,0.062
johnsla02,1995,0.050
cebalce01,1995,0.039
ricegl01,1995,0.035
grantho01,1995,0.033
bakervi01,1995,0.031
vanexni01,1995,0.025
dumarjo01,1995,0.021
kiddja01,1995,0.019
hardati01,1995,0.017
boguemu01,1995,0.013
elliose01,1995,0.013
hillty01,1995,0.013
sprewla01,1995,0.012
blaylmo01,1995,0.010
robingl01,1995,0.010
hillgr01,1995,0.008
hornaje01,1995,0.008
anderni01,1995,0.006
armstbj01,1995,0.006
davisda01,1995,0.006
pricema01,1995,0.006
webbsp01,1995,0.006
johnsav01,1995,0.004
mournal01,1995,0.004
augmost01,1995,0.002
mannida01,1995,0.002
starkjo01,1995,0.002
pippesc01,1994,1.000
olajuha01,1994,0.893
malonka01,1994,0.860
stockjo01,1994,0.734
sprewla01,1994,0.520
robinda01,1994,0.703
kempsh01,1994,0.437
barklch01,1994,0.421
richmmi01,1994,0.408
johnske02,1994,0.392
pricema01,1994,0.375
paytoga01,1994,0.361
colemde01,1994,0.287
wilkido01,1994,0.219
onealsh01,1994,0.196
anderke01,1994,0.351
millere01,1994,0.219
blaylmo01,1994,0.196
willike02,1994,0.159
rodmade01,1994,0.107
oaklech01,1994,0.085
ewingpa01,1994,0.072
grantho01,1994,0.072
dumarjo01,1994,0.070
mannida01,1994,0.070
stricro02,1994,0.023
drexlcl01,1994,0.016
armstbj01,1994,0.012
majerda01,1994,0.012
smithst01,1994,0.012
mutomdi01,1994,0.010
ricegl01,1994,0.010
robincl02,1994,0.010
augmost01,1994,0.008
gillke01,1994,0.008
mcmilna01,1994,0.006
schrede01,1994,0.006
boguemu01,1994,0.004
hardaan01,1994,0.004
guglito01,1994,0.002
harpero01,1994,0.002
hornaje01,1994,0.002
jacksji01,1994,0.002
mckeyde01,1994,0.002
starkjo01,1994,0.002
weathcl01,1994,0.002
webbech01,1994,0.002
barklch01,1993,1.000
jordami01,1993,1.000
olajuha01,1993,0.929
malonka01,1993,0.769
pricema01,1993,0.702
wilkido01,1993,0.759
stockjo01,1993,0.600
ewingpa01,1993,0.596
dumarjo01,1993,0.592
johnsla02,1993,0.316
pippesc01,1993,0.278
hardati01,1993,0.202
petrodr01,1993,0.176
robinda01,1993,0.147
colemde01,1993,0.122
onealsh01,1993,0.118
mannida01,1993,0.112
majerda01,1993,0.100
kempsh01,1993,0.092
schrede01,1993,0.057
lewisre01,1993,0.053
johnske02,1993,0.029
rodmade01,1993,0.029
millere01,1993,0.022
nancela01,1993,0.018
starkjo01,1993,0.016
drexlcl01,1993,0.014
elliose01,1993,0.014
thomais01,1993,0.014
hornaje01,1993,0.012
mullich01,1993,0.012
robincl02,1993,0.010
anderke01,1993,0.008
blaylmo01,1993,0.008
daughbr01,1993,0.008
jacksma01,1993,0.006
skilesc01,1993,0.006
westdo01,1993,0.006
piercri01,1993,0.004
willike02,1993,0.004
boguemu01,1993,0.002
grantho01,1993,0.002
harpede01,1993,0.002
mournal01,1993,0.002
paytoga01,1993,0.002
smithch01,1993,0.002
smithst01,1993,0.002
stricro02,1993,0.002
thorpot01,1993,0.002
jordami01,1992,1.000
malonka01,1992,0.975
drexlcl01,1992,0.854
robinda01,1992,0.831
mullich01,1992,0.793
pippesc01,1992,0.713
ewingpa01,1992,0.646
hardati01,1992,0.603
stockjo01,1992,0.563
barklch01,1992,0.410
rodmade01,1992,0.374
pricema01,1992,0.169
johnske02,1992,0.163
daughbr01,1992,0.146
willike02,1992,0.079
hornaje01,1992,0.105
olajuha01,1992,0.077
dumarjo01,1992,0.059
johnsla02,1992,0.054
mannida01,1992,0.054
birdla01,1992,0.044
lewisre01,1992,0.036
nancela01,1992,0.033
thomais01,1992,0.021
richmmi01,1992,0.019
grantho01,1992,0.017
schrede01,1992,0.017
ricegl01,1992,0.013
thorpot01,1992,0.013
gillke01,1992,0.006
malonje01,1992,0.006
parisro01,1992,0.006
wilkido01,1992,0.006
willibu01,1992,0.006
millere01,1992,0.004
piercri01,1992,0.004
worthja01,1992,0.004
blaylmo01,1992,0.002
colemde01,1992,0.002
cummite01,1992,0.002
harpero01,1992,0.002
jacksma01,1992,0.002
portete01,1992,0.002
jordami01,1991,1.000
johnsma02,1991,0.992
malonka01,1991,0.975
robinda01,1991,0.962
barklch01,1991,0.950
ewingpa01,1991,0.504
wilkido01,1991,0.471
johnske02,1991,0.445
drexlcl01,1991,0.424
mullich01,1991,0.296
stockjo01,1991,0.336
worthja01,1991,0.246
kingbe01,1991,0.233
olajuha01,1991,0.210
dumarjo01,1991,0.128
birdla01,1991,0.218
hardati01,1991,0.111
parisro01,1991,0.099
portete01,1991,0.067
thorpot01,1991,0.053
pippesc01,1991,0.046
richmmi01,1991,0.040
willibu01,1991,0.040
daughbr01,1991,0.038
rodmade01,1991,0.038
millere01,1991,0.034
mchalke01,1991,0.027
adamsmi01,1991,0.019
simmoli01,1991,0.013
hawkihe01,1991,0.008
thomais01,1991,0.008
chambto01,1991,0.006
roberal01,1991,0.006
smithch01,1991,0.006
smithke01,1991,0.006
grantho01,1991,0.004
nancela01,1991,0.004
colemde01,1991,0.002
duckwke01,1991,0.002
harpede01,1991,0.002
hornaje01,1991,0.002
kerseje01,1991,0.002
johnsma02,1990,1.000
barklch01,1990,0.996
malonka01,1990,0.996
jordami01,1990,0.989
ewingpa01,1990,0.751
olajuha01,1990,0.712
stockjo01,1990,0.526
chambto01,1990,0.511
birdla01,1990,0.456
johnske02,1990,0.386
robinda01,1990,0.349
drexlcl01,1990,0.247
dumarjo01,1990,0.205
worthja01,1990,0.186
mullich01,1990,0.131
cummite01,1990,0.118
thomais01,1990,0.079
wilkido01,1990,0.079
mchalke01,1990,0.072
millere01,1990,0.055
leverfa01,1990,0.039
willibu01,1990,0.035
portete01,1990,0.026
pricema01,1990,0.020
rodmade01,1990,0.015
mccraro01,1990,0.011
blackro01,1990,0.009
richmmi01,1990,0.009
harpede01,1990,0.004
kingbe01,1990,0.004
parisro01,1990,0.004
campbto01,1990,0.002
johnsed03,1990,0.002
mahorri01,1990,0.002
malonje01,1990,0.002
oaklech01,1990,0.002
piercri01,1990,0.002
pippesc01,1990,0.002
smithch01,1990,0.002
williho01,1990,0.002